gene_token	count_4	count_8	count_total	diff_4_minus_8	perm_p	gene_span	lambda	poisson_p	perm_fdr	poisson_fdr	significant_perm	significant_poisson	significant_any
CyHV3_ORF1_1	2	2	4	0	9.999000099990002e-5	1	1.684782608695652	0.09092638869191566	6.499350064993501e-4	0.8130794236508956	TRUE	FALSE	TRUE
CyHV3_ORF75	2	0	2	2	9.999000099990002e-5	1	1.684782608695652	0.5020137680949718	6.499350064993501e-4	0.920472462877634	TRUE	FALSE	TRUE
CyHV3_ORF88	2	0	2	2	9.999000099990002e-5	2	3.369565217391304	0.8496668888101238	6.499350064993501e-4	0.920472462877634	TRUE	FALSE	TRUE
CyHV3_ORF154	0	1	1	-1	9.999000099990002e-5	1	1.684782608695652	0.8145152496548074	6.499350064993501e-4	0.920472462877634	TRUE	FALSE	TRUE
CyHV3_ORF31	1	0	1	1	9.999000099990002e-5	1	1.684782608695652	0.8145152496548074	6.499350064993501e-4	0.920472462877634	TRUE	FALSE	TRUE
CyHV3_ORF86	1	0	1	1	9.999000099990002e-5	1	1.684782608695652	0.8145152496548074	6.499350064993501e-4	0.920472462877634	TRUE	FALSE	TRUE
